file,true,predicted
id_ao6sqm031m70.wav,mbili,nne
id_eg9vfufq94wk.wav,sita,tatu
id_lmvrjlvtk8gr.wav,nane,nne
id_823rulz7dyg5.wav,tisa,ndio
id_r3lvet993su7.wav,moja,mbili
id_qhlc0l62ld75.wav,tatu,saba
id_5y7zx54bzvd7.wav,tisa,mbili
id_dpa1d6eqs7h6.wav,mbili,nne
id_am0b297vlo83.wav,nane,mbili
id_xeau1v1f4kkl.wav,moja,ndio
id_92pd0g53n3c9.wav,sita,mbili
id_dl262g0r5749.wav,nne,mbili
id_4b8fmq4awffo.wav,nane,tano
id_kbjg5j79vore.wav,tano,sita
id_6qu3xe17vsko.wav,tano,tatu
id_giv6yxiwwxsw.wav,nane,moja
id_k0jhodnxx8up.wav,hapana,sita
id_43xn9tcjddi2.wav,moja,hapana
id_d1g495f1j6ea.wav,tano,nane
id_3lju1pofwqti.wav,tatu,sita
id_tzzh4jowrytj.wav,nane,ndio
id_0w58argnti9a.wav,hapana,nne
id_f0od7ojamlgk.wav,tano,tatu
id_fm130ilt8p1h.wav,tisa,sita
id_gasvodh0egsu.wav,tisa,ndio
id_s4s3nzlnnblh.wav,kumi,moja
id_e1bgrj0mjgbz.wav,tatu,tano
id_dietxzcwpeut.wav,moja,kumi
id_uxsbxn4r0kl6.wav,ndio,mbili
id_kz9yow4d11lh.wav,tisa,mbili
id_zm5lgpm8oe4j.wav,hapana,moja
id_8h1l8z3z7qwl.wav,nne,mbili
id_mr1a29uxppv7.wav,sita,mbili
id_toljkyjcpo2g.wav,nane,mbili
id_clht4bh2f9wd.wav,mbili,nne
id_ibj5crkxsfwk.wav,moja,sita
id_261p2v0a2s2e.wav,nane,moja
id_y8u2ssu5h9qn.wav,kumi,hapana
id_vrkbukotyb0k.wav,nne,kumi
id_shwwu8vp7frb.wav,moja,tano
id_ebqwchcomsty.wav,hapana,sita
id_l1y1hr5b1iaq.wav,nne,ndio
id_p97ok5mxzcps.wav,tano,sita
id_ye61r92p4sby.wav,kumi,mbili
id_hbu1iqqgwno1.wav,tano,nane
id_gkywu3tot95q.wav,moja,kumi
id_08yb1zjkmsqb.wav,tano,saba
id_2ufmqy10mswf.wav,hapana,sita
id_tdzhalnp8pbv.wav,nane,tano
id_f26rd0c7qh5l.wav,nne,hapana
id_qddavgioqjpx.wav,mbili,ndio
id_qaqta9fv7he7.wav,ndio,tatu
id_m9boyq5f10j5.wav,kumi,moja
id_i0pduqtj5z7b.wav,saba,hapana
id_qiht1h7di40h.wav,hapana,moja
id_o3dzudeeq28b.wav,tisa,sita
id_19uj3f5rbnmj.wav,kumi,mbili
id_9hejg0blciu3.wav,nane,nne
id_fg7f3pkfb7fz.wav,tano,saba
id_13wgoppzfqb3.wav,mbili,nane
id_d29nll886520.wav,tano,moja
id_bm799pnqq0t9.wav,moja,mbili
id_gkha3rs38g3b.wav,mbili,nne
id_z4e1435zu1o7.wav,nane,nne
id_fd8c3kmi6tq2.wav,mbili,ndio
id_uq7fd55jmric.wav,nane,tano
id_2nt530osmnqz.wav,sita,tano
id_ietts9gu2018.wav,tatu,tano
id_6eo1yxcezu5y.wav,moja,nne
id_z2tnre574wjd.wav,nne,tano
id_jjb1v315me3z.wav,nne,mbili
id_ieo1nynohd9s.wav,moja,nane
id_j5s1s1n87gi2.wav,moja,mbili
id_4bsednm7vyyc.wav,tatu,kumi
id_q1xo5s271t3p.wav,tatu,tano
id_rchwiklhp4a2.wav,sita,mbili
id_vbda8x3lzr2k.wav,nne,mbili
id_1bx8drgzvmoi.wav,tano,tatu
id_lfvm75i7hxjc.wav,nane,tatu
id_h8nzexy9icie.wav,moja,nne
id_o2569sbuxrlu.wav,hapana,moja
id_kjsatd6p7394.wav,nne,nane
id_3n0gpmzmnb19.wav,nne,mbili
id_u889nzpu8857.wav,hapana,tano
id_1a8vrokrnq9z.wav,nne,tatu
id_17wi2lvd3op2.wav,tatu,tano
id_ok38mayxywam.wav,ndio,sita
id_08b0ikkg78k1.wav,nne,nane
id_s2zd3l8flb6r.wav,nane,nne
id_r8pi5tvnjr7y.wav,tano,kumi
id_qf11ibv0958n.wav,ndio,kumi
id_mrd9ilyh9bq9.wav,ndio,tisa
id_85d70ik8be29.wav,tisa,sita
id_arn2z1tgxeit.wav,moja,tano
id_7jzwoaacfbpo.wav,hapana,tatu
id_ug9366c9nnov.wav,sita,tatu
id_gcj0u7afbal2.wav,kumi,ndio
id_rmmdv487kr37.wav,nne,mbili
id_69mncytnorks.wav,sita,ndio
id_042goshgfe28.wav,tano,sita
id_bi87jp84idw8.wav,moja,tano
id_chbn34foqfz6.wav,tisa,sita
id_txhe9emant40.wav,nne,moja
id_t0i0gqcro6fd.wav,nane,nne
id_yl6g02h3mmcq.wav,tatu,tano
id_9w70j5c1ebkz.wav,tano,tatu
id_dd7sdcfau55z.wav,moja,nne
id_e2ww8ffnbj6r.wav,moja,nane
id_nf8xmqfq4rwk.wav,nne,mbili
id_imvf7j5djhfy.wav,tatu,saba
id_n82wf8vtu8kx.wav,ndio,tatu
id_v7wh07s88fzy.wav,hapana,tano
id_hsjtbtlmkl8i.wav,hapana,saba
id_0ydbuxeoy8n8.wav,mbili,kumi
id_k8oeyydl6ft1.wav,saba,tano
id_y5x3le7iyggo.wav,ndio,tisa
id_1rzmvzdyl0z6.wav,hapana,nane
id_meaomzzggp3b.wav,mbili,nne
id_2x82riggnjvw.wav,kumi,nane
id_hzelabwwanej.wav,nane,tano
id_gs6aa2rrhetv.wav,ndio,tisa
id_hse1p0a4v6h7.wav,tatu,moja
id_2vy3652xifaa.wav,tisa,sita
id_gqqkikmkx8yp.wav,moja,tano
id_5degcjdtdfwz.wav,saba,nane
id_mx5zxx8px3vo.wav,nne,mbili
id_h9yezkgb7zsn.wav,tano,tatu
id_hzetgk3fgbkg.wav,kumi,mbili
id_iwl8rzhslz8d.wav,nne,kumi
id_8yceuwbm7ack.wav,saba,mbili
id_x8m7rt6npulf.wav,nane,hapana
id_ymlcr4kf124h.wav,tatu,nane
id_dpdlnv7d5kkr.wav,tatu,kumi
id_vzp0ch3apdyg.wav,ndio,tisa
id_sxrx6ekmuk7t.wav,tatu,tano
id_eqs92upsm27m.wav,tatu,saba
id_l34eftmdblak.wav,tano,sita
id_q9z5v56z1fie.wav,ndio,sita
id_j1z81utc0o30.wav,tisa,sita
id_rlk2q99qj786.wav,hapana,tano
id_8a21f8glkb0e.wav,tano,tatu
id_j281trj9e2ef.wav,moja,tisa
id_1j02n5ymm8lz.wav,tano,sita
id_kwld6ki8gw59.wav,hapana,tano
id_ypicpq5bl8yq.wav,tano,hapana
id_qconko34be1q.wav,kumi,mbili
id_nls0quhv7yg1.wav,nne,moja
id_al7cg69ix5hs.wav,nne,tatu
id_2hzcwnuz998g.wav,tatu,hapana
id_i4ko5owz9uko.wav,tisa,saba
id_daou7rpax24t.wav,ndio,mbili
id_2m2wykzx3w81.wav,hapana,tano
id_adujui0d3klr.wav,saba,tatu
id_lp7h524k9bo0.wav,hapana,nane
id_3rk92s4rcgd4.wav,kumi,nane
id_xkfpbo2wo4ma.wav,saba,sita
id_pdh3vah5z5iy.wav,sita,mbili
id_e4y4pzj1fbl5.wav,moja,tatu
id_6h1x1m5ba6jl.wav,saba,mbili
id_kpwferr98xvm.wav,tatu,moja
id_cjut22fbvxig.wav,nne,mbili
id_9d0xuj83rvhz.wav,tano,hapana
id_sm1xmusbsa1s.wav,tano,moja
id_fxf1va9pckl6.wav,moja,tatu
id_rysagj0hh4eo.wav,nne,tatu
id_nmjpl6ibm3ps.wav,tano,mbili
id_l0jb1w58rrf4.wav,sita,saba
id_fwm22sqiwyb8.wav,mbili,sita
id_x7bolnlofmfx.wav,nne,kumi
id_b9frf8txj79m.wav,moja,tatu
id_cb68wjhspcfw.wav,moja,tano
id_ar2uymtuiv4u.wav,moja,hapana
id_pm0v2z2jpfc6.wav,hapana,saba
id_3lf0rl2vuvo2.wav,moja,ndio
id_vi7bx98zjuk9.wav,nane,hapana
id_dd31f3us2s09.wav,ndio,saba
id_drcdgho36xw4.wav,saba,tano
id_m0bfpb44o6k8.wav,tatu,tano
id_0xjh7lix7cm8.wav,saba,tatu
id_c02vgvnfyxxe.wav,hapana,mbili
id_xlh4nadhrwa1.wav,kumi,hapana
id_wjt2c3pk86tf.wav,hapana,tano
id_gqaxta8521sd.wav,hapana,tano
id_n90fd25mjqek.wav,tano,hapana
id_ng38qz7xsl8l.wav,mbili,sita
id_v0kjwee7y5iq.wav,nne,nane
id_qadk0hle9idg.wav,sita,tatu
id_20w1gxv3xqja.wav,tano,moja
id_o8b2d8uq315e.wav,ndio,moja
id_v9h9sojyzwpc.wav,nane,tatu
id_awb9zz35exud.wav,tano,saba
id_pn209e2s47tj.wav,kumi,nne
id_78tuhlpzyz6s.wav,tano,hapana
id_cp2whd7hjw0n.wav,tano,sita
id_lrhr1fp5ydpv.wav,nne,moja
id_l1lcm1k62tgg.wav,tatu,tano
id_5pe0ig9camtz.wav,nne,kumi
id_c2fb4tbe8j8i.wav,ndio,mbili
id_he49180905f1.wav,moja,nne
id_f05ho6hsqxlr.wav,sita,tisa
id_n9jhnmikkyts.wav,hapana,tano
id_ju5cqfzl8586.wav,tano,tatu
id_proq1yvo0824.wav,ndio,sita
id_okjcdazrxt1m.wav,tatu,sita
id_nskmomr8ydih.wav,sita,saba
id_4lw49ow7vumq.wav,kumi,saba
id_ne64zembd7cv.wav,ndio,tisa
id_giz3tlgpqr4k.wav,tisa,tatu
id_ymnn8mecy9xb.wav,tatu,tano
id_s6tzfyrrdji4.wav,nne,tano
id_twp8kzflzc9b.wav,tatu,tano
id_o9o4n4o8cohs.wav,sita,hapana
id_yv0wugfsg1ao.wav,mbili,nne
id_omofagxhys5k.wav,nane,tano
id_dto4107nn7uo.wav,moja,tano
id_d0w5pb0vs9xo.wav,saba,tano
id_st6776aatgol.wav,tatu,tano
id_7jnq4b1eqquq.wav,kumi,mbili
id_yd1av5i3tv3l.wav,ndio,tisa
id_379p8brdcgie.wav,nne,nane
